claim_id,claim,evidence_location,source_artifact,exact_support,status,limitation
CV01,"Eight CODE V systems completed the v2 replacement comparison budget","BUDGET_COMPARISON_RESULTS_V1.md","runs/budget_comparison_replacement_v1/summary.csv","8/8 pass; traditional and nested choices recorded; restore_ok=true","SUPPORTED","Bounded CODE V library cohort; not a manufacturing population"
CV02,"Nested and traditional decisions differed for gaosi and oradbg01 at 50 cycles/mm","BUDGET_COMPARISON_RESULTS_V1.md","runs/budget_comparison_replacement_v1/summary.csv","gaosi 2 vs 3; oradbg01 3 vs 4","SUPPORTED","Choice difference is frequency- and perturbation-set dependent"
CV03,"Decision difference is frequency-dependent","FREQUENCY30_ROBUSTNESS_RESULTS.md; FREQUENCY40_60_ROBUSTNESS_RESULTS.md; FREQUENCY70_ROBUSTNESS_RESULTS.md","runs/frequency30_robustness_v1/summary.csv; runs/frequency40_robustness_v1/summary.csv; runs/frequency60_robustness_v1/summary.csv; runs/frequency70_robustness_v1/summary.csv","0/8, 2/8, 2/8, 1/8, 2/8 disagreements at 30,40,50,60,70 cycles/mm","SUPPORTED","Frequencies are secondary analyses, not independent samples"
CV04,"Decision effect has a perturbation-amplitude threshold in this bounded study","AMPLITUDE_ROBUSTNESS_RESULTS.md","runs/amplitude05_robustness_v1/summary.csv; runs/amplitude20_robustness_v1/summary.csv","0/8 at ±0.5%; 2/8 at ±2%; ±1% primary gives 2/8","SUPPORTED","No universal threshold claim"
CV05,"oradbg01 disagreement is reproducible under a frozen random perturbation set","RANDOM_PERTURBATION_REPRO_RESULTS.md","runs/random_perturbation_repro_v1/summary.csv","oradbg01 3 vs 4; 8/8 completed","SUPPORTED","gaosi regular-grid disagreement did not reproduce"
CV06,"The MTF score parser agrees with an independent implementation","Parser audit","runs/mtf_parser_audit_v1.json","2624 records checked; 0 mismatches","SUPPORTED","Independent parser uses same raw native text and fixed frequency token"
CV07,"maksutov was excluded under a documented failure gate and replaced by oradbg01","replacement_amendment_maksutov_to_oradbg01_v1.md; usable_codev_system_set_v2.md","runs/budget_comparison_v1_retry2/maksutov/record.json; runs/oradbg01_replacement_perturbation_v1/record.json","Maksutov TGR/clear-aperture failure; oradbg01 perturbation/restore pass","SUPPORTED","Replacement is an amendment, not a hidden deletion"
CV08,"Three of five additional library systems passed the held-out qualification and two failures were retained","protocols/holdout_multivariable_quantile_v1.md; runs/holdout_screening_v1/screening_summary.json; runs/holdout_equal_budget_v1/summary.csv","runs/holdout_screening_v1/screening_summary.json; runs/holdout_equal_budget_v1/summary.csv","tessar, petzval, and wideang pass; eyepiece and microscp fail on RDY S1=1e18 sentinel","SUPPORTED","Held-out set is still a curated library subset; failures are not replaced"
CV09,"The three passing held-outs selected the same candidate under nominal, mean, fifth-percentile, and minimum scores","protocols/holdout_multivariable_quantile_v1.md","runs/holdout_multivariable_quantile_v1/summary.csv","tessar 2, petzval 1, wideang 3 under all four summaries; 20 two-variable perturbations per candidate","SUPPORTED","Fixed perturbation design; no claim of universal multivariable invariance"
CV10,"A representative Zemax audit reproduced the sorting procedure on two sample families","protocols/cross_software_sorting_v1.md","runs/cross_software_zemax_v3/cross_software_summary.csv; runs/cross_software_zemax_v3/cross_software_summary.json","Tessar nominal/nested 2/2; Petzval nominal/nested 3/3; standalone bridge probe valid","SUPPORTED","Representative samples are not identical CODE V prescriptions; not cross-engine equivalence"
CV11,"Physical/manufactured validation is not yet supported","protocols/real_measurement_external_validation_v1.md","protocols/real_measurement_external_validation_v1.md","No measured/as-built input was present; no physical result claimed","SUPPORTED","Requires user-provided raw MTF, as-built prescription, calibration metadata, and checksum"
CV12,"A fixed-seed Monte Carlo extension preserved the held-out selections","protocols/holdout_montecarlo_v1.md; runs/holdout_montecarlo_v1/summary.csv","runs/holdout_montecarlo_v1/summary.csv; runs/holdout_montecarlo_v1/draws.json","600 Monte Carlo bundles plus 60 nominal controls; tessar 2, petzval 1, wideang 3 under nominal/mean/q05/minimum","SUPPORTED","Uniform perturbation distribution and 50 draws per candidate are registered computational assumptions"
CV13,"Public real-MTF sources were located and analyzed without being merged into the CODE V cohort","external_validation/web_sources_v1/vendor_report_inventory.md; external_validation/public_dataset_v1/public_dataset_notes.md","external_validation/web_sources_v1/*.pdf; external_validation/public_dataset_v1/public_measured_mtf_summary.csv","Vendor reports contain measured real-lens MTF curves; public workbook contains eight measured IOL sheets with peak MTF 0.221--0.790","SUPPORTED","No source provides prescription-linked imaging-lens candidates for direct reranking"
CV14,"The public measured workbook shows model- and pupil-dependent MTF heterogeneity","external_validation/public_dataset_v1/public_dataset_notes.md","external_validation/public_dataset_v1/public_measured_mtf_summary.csv","20% MTF through-focus widths 0.336--3.554 D across eight sheets","SUPPORTED","IOL through-focus data are an external benchmark, not an imaging-lens validation"
