path,bytes,sha256
.git/COMMIT_EDITMSG,28,cbb8f9449eda39c67fdc2af18a93f239ccfa3816da91b6cba6ebe3a98ec6e443
.git/config,320,556f1de1a9820aaa3f73ee76860da328cfafa56d16865c8e36911b67c0dd0440
.git/description,73,85ab6c163d43a17ea9cf7788308bca1466f1b0a8d1cc92e26e9bf63da4062aee
.git/HEAD,21,28d25bf82af4c0e2b72f50959b2beb859e3e60b9630a5e8c603dad4ddb2b6e80
.git/hooks/applypatch-msg.sample,478,0223497a0b8b033aa58a3a521b8629869386cf7ab0e2f101963d328aa62193f7
.git/hooks/commit-msg.sample,1972,efc1401b0e99d1ff51494d154d98b46c1e99059bcd8bf9f73cecde19fd3eb23b
.git/hooks/fsmonitor-watchman.sample,4611,9159720099ad5595b8e66645cbfd47763c1e920f46e0b50ae75e642bbec57ef0
.git/hooks/post-update.sample,189,81765af2daef323061dcbc5e61fc16481cb74b3bac9ad8a174b186523586f6c5
.git/hooks/pre-applypatch.sample,424,e15c5b469ea3e0a695bea6f2c82bcf8e62821074939ddd85b77e0007ff165475
.git/hooks/pre-commit.sample,1649,57185b7b9f05239d7ab52db045f5b89eb31348d7b2177eab214f5eb872e1971b
.git/hooks/pre-merge-commit.sample,416,d3825a70337940ebbd0a5c072984e13245920cdf8898bd225c8d27a6dfc9cb53
.git/hooks/pre-push.sample,1374,ecce9c7e04d3f5dd9d8ada81753dd1d549a9634b26770042b58dda00217d086a
.git/hooks/pre-rebase.sample,4898,4febce867790052338076f4e66cc47efb14879d18097d1d61c8261859eaaa7b3
.git/hooks/pre-receive.sample,544,a4c3d2b9c7bb3fd8d1441c31bd4ee71a595d66b44fcf49ddb310252320169989
.git/hooks/prepare-commit-msg.sample,1492,e9ddcaa4189fddd25ed97fc8c789eca7b6ca16390b2392ae3276f0c8e1aa4619
.git/hooks/push-to-checkout.sample,2783,a53d0741798b287c6dd7afa64aee473f305e65d3f49463bb9d7408ec3b12bf5f
.git/hooks/sendemail-validate.sample,2308,44ebfc923dc5466bc009602f0ecf067b9c65459abfe8868ddc49b78e6ced7a92
.git/hooks/update.sample,3650,8d5f2fa83e103cf08b57eaa67521df9194f45cbdbcb37da52ad586097a14d106
.git/index,3260,5d9265b4a7646aa7e1e0fe5b5d4b061227d2c27b798394391836babb544cd22c
.git/info/exclude,240,6671fe83b7a07c8932ee89164d1f2793b2318058eb8b98dc5c06ee0a5a3b0ec1
.git/logs/HEAD,1049,7db9fea3566ee4f8fb0a2d8d655e5fecaa244dd16690215ebe439fcbf2cea6bc
.git/logs/refs/heads/main,872,a2744873ca60d2b6d5a29c84e6a2fe3630628e20fa9133a61cbc907bda4f8944
.git/logs/refs/remotes/origin/main,417,596979289c48e66be267f441bfee8a5fde65a0955b43e5b8403fd3989a12b5c4
.git/objects/13/b5864452416d5585956c561100db5d4d68c477,1238,1dbde2af471be716fdaa648de1ccc63f17f7479c1ff54290fea5c08b720d1b6e
.git/objects/14/b292142cfbf332f964c8b33def91cf14552762,1462,d78c235bda127efcf153b1167292e3296780baf246e9f63c9839eb83557463c1
.git/objects/19/d97a4ec7c1b584bc251989fcff02a68f488efc,483,5c01f99e6069eea53a33d1282affdb2589e1d776b9022aa6b2c334fa63edc266
.git/objects/1d/6a132f7c7a448b31e7fdcf6b6163afd1e45eac,461,2ef1173dedf86948e7a4b2f4640b5e7c5e7c8541e9347e825b975ccb49c9e462
.git/objects/20/6ed1a65898215052725620bf7bf88ce495a050,336,509e0b01196ace538b8083c61945ae440bc29c0fe25a03912325bb22bcc7c31b
.git/objects/23/e738088acba1986b6a84ae0982e2ffd57a8642,279,e08659382f5dcaef0df19581bf8d885fadf2be9725a017460b12dd3e3f2139e4
.git/objects/29/c1bf01fceeda0e9b8d14435e29d3802f928586,941,1d5726932d9a352f4497a96b387942fcac75a4dd48bee0fadd5e9c9272d92a8e
.git/objects/2f/f27b75652a3ea05faca73b7263ff865235cb11,139,e7dfd94b6553442b2a7d27992314ddfa5356a5ec6196d337c5ee5884a1e69817
.git/objects/30/2b7a7f2330d8743168f47902f3e5ade3eb5d53,5782,07fd78e30adb32d284f2d1b4575c33d45824121911989d79b8b214aafb58f4c9
.git/objects/31/902b132fef3e6455fce8a10007453a611b336a,335,3745617c7d3dee09b4a220bad566fa82aefa45a55d7dd05d68502605cda065d8
.git/objects/3a/629dc3b1eeee5b95f2a51a519bae4d8443e367,50,64e909b478732622dea1f07facf8d7d8ccc994df5f9f5956067ce19a6f659f9e
.git/objects/3f/2b8bac1978491de6ab73254617dd3e181600a9,114,0405a4b76343857755486da4c9e680e32dbc60031db96a09d6a6e44892796c30
.git/objects/42/c9b9121f8df6ed15c3ef62c970afbb7abcc3af,176,cfcb99e069182a38c04056598f9becda3c6a1f95264f90154f40fb68e4237349
.git/objects/45/bde7568713db7992f25bded38f0cf221210e90,172,52bb1cdd5af5f6e1cb1e9714f18155541f2e71f9e693c3158d1f5db0336482b1
.git/objects/4a/f152efa05fdd046837ab06a3ada4f7a1b766df,272,d003dbc90b090c750963c4b00f6ef165c09f24a1f679fc22d963ec5987d58337
.git/objects/50/5f2db3b5e638100a282e3caf1bb427f0d38696,1319,d1b0f78fb809a02dc5d9a4a6d4e6cff537e3b7319989feb260a8ab31412a4987
.git/objects/53/b37c0d99daaa9afa899eb026a0d0228470249b,110,8f223f56333b5ff951dca18c21330d23469bca198cfcc87a2df6a1ac2b9f900c
.git/objects/56/f8c949f43ca246071206d7a6cc89c6867df4a4,251,025079059d0d45d2a01472e71308e3b3ad26449c875b3309b930ca7fb2c2a5a9
.git/objects/58/355816bb693d8cd6d8ba3f31484806aad94991,174,bf450c782ac5980e15d84dab4c8b0fdade20539b2c48497855f8521a85bafdb8
.git/objects/58/aa8ad51d688227c91140ffef58ea0374352ea0,286,094f951b640b1f00c387e732354db4e69eb14701faf5c8120727022b86c3aa8c
.git/objects/5c/2f0ec786a61e95f9599db347d0bded98e7f0d8,151,577817b365244490977edf1e3f03ab1d35c6ce1ab223e36db3fba3e17c90afa6
.git/objects/63/a442ba4cfed9f929b20716e30a870acd12ab50,170,361dc91c8ba8e2e2038069043815eb2542093b455edb1519e4fc5d519693ad95
.git/objects/64/ccdb6465663efbaf0d9e8b8f8476389fe6be11,273,d69829565fa6f19203dd13846adb81538c179495d63acb50ef061f1544a83fce
.git/objects/7b/92a69c17ea71e34c6e73430e5316818971fea5,11184,9fb4860b9db13081b92aab1306917181349b043b2ff6532181a33877ac8085e1
.git/objects/82/31ddcf9384b43761c265b2b3faae3e434fe8f6,1314,dde94f04a8b34ab7e237b3ad7eae441da2c3a9d998861a41df00cb1ce4acee42
.git/objects/83/4b5c99810c08c8ed4157df88d86d87d75db2f0,65,5c971d4a4c92982f07a363747578e07b948e8b064ce7e19fdee6c50a5b10bdbd
.git/objects/84/0c5cecde3a5ee814bb969abaaa1532194dfc73,135,a4ef15d8874a407a9c40491b49e03bf537481c7784dcc0fa71c117a7f126f9ef
.git/objects/8e/c801e12a359b6893f42ed6ba88a32429d954ec,168,4d8084149091fc3566091effe0091a5a8485da274350486c6f681bed7aa04d2d
.git/objects/96/0818e84a55f897de5e08182cc7d0d70a7e6ace,165,9d8cb050cc87f17ef0252be822f614cf9e0aae50767b7d91e80443bd9cb9766e
.git/objects/99/4ed0b98c3bde1e3bc812cb283597a3212ca0a4,1431,03d46835e82b06458d48030be54086010a62747ffa7a765e06a56e77801709b9
.git/objects/a0/3206fd855fdd47ee5da6da9ab9b3987b5e94ad,1525,c1cd85cd0c1a6e8840e2df6dd1848a468b4a28223f95973b5169e76d5074b7d4
.git/objects/a1/61e4cfbf5ea73ccdb46c1da344492998b72a05,2773,ebf0e0b0bbafb88bd93fd91cefaed2baf9faef2f1bf7c2c2655dfb1d66440952
.git/objects/a6/5c13e2f4ce61b51f9bd0a19670dd40f0909698,938,c8be01ca7ea531c08fd43ce0e8a9847aedd8fb9afc49a9f9c96e964e314ec3bf
.git/objects/b3/730c16805f27088518809fc34b87c334868245,1103,9ea7fc3719379e5087ec296ca96f65901895473cb097e5263148434283d30b75
.git/objects/ba/132d98a5e899c6f1da7b3ebfb2bced60bc3eeb,157,a867d6ef338b621e2e603eee5ebf5416a5d974af0b31f22a31fc5145904399b9
.git/objects/bd/ecf83e9f46b5039058a95d309c83869573bd1c,612,e8f78e38e78c037adf06ddb975b2e8250878fc696b7e2f4abe259593c36d78d2
.git/objects/c0/1f828520dc070c745481f0472f5b8dc6a1754a,169,b6147379bc570bc34fd8580ef246a53f1cced0af8a5db3a0a532738607806a57
.git/objects/c0/20841218a3fde61ebae8e13e3248d36c6718a2,294,8fa32b84132a823d0a87a8e849b653f6c29aefd8f7b6ed31e02df3cef1e230ee
.git/objects/c2/eba50d7ef51906cab3ac0c9ac325f86060e9c0,477,5cadf32dd51c6ea202676cc8589ea7e3ab3852ab4e9309b98e65b865c20c3bf7
.git/objects/c4/7fd440e83f50457a43a8ec03ae6767d9374833,1324,3a6b711301bbb7e6189f7257ad28b6afa06e5a49685f86321a19c5357ec9894d
.git/objects/cb/e5e09b8eba53231a2a352688e07e2b7c9d3eef,169,62bb9cf9a4c75cf3aa333b727589a581ec0602fd5f6f58569240a502ca3950eb
.git/objects/ce/b6c54699abe5a172beaa3668fb0aa4be82ddee,169,6ba36e3acc12fe2c66169227a2bf3184835fd9888fd924d0073ce0c6336447a2
.git/objects/d2/f92b17e7b98efcf0dea8d40ffec342491888bf,2313,54b753d126297d1f81dc2adf4a51d69ed421d9bc656e5610757f96748f531214
.git/objects/d4/2d9ddb1b97bc770ed84a147b9cdccfc47b0a3b,1051,8fe75b0b1341c6c7218c69d684a22ff88e83c1ae65d270fc974dbf3b2d5d9e16
.git/objects/da/bbe2124f46a03dfe1b5da7c253bc12100da513,163,a60accb246031fc120d6e6c7a4370378167adfd4953b24a7a18f96e87fcef2a6
.git/objects/df/9d45a424a96c7b7d293b4ebd99467071ed7800,499,ec4ba700c2a8638c302f846dbe5eb6247b57a3fc1eb7f8ccd5074a0fc3885c30
.git/objects/eb/13e553f3acc0b96291049e2c89f4bdb9fcae6f,494,bdc595bb489f4b570bb3e188e3eb4668d06530d7fb21e2a86713766591680553
.git/refs/heads/main,41,09c4f74572a55a7d8770e829d7b77d21064a7df090a0688c66f8fec4fa384ea3
.git/refs/remotes/origin/main,41,09c4f74572a55a7d8770e829d7b77d21064a7df090a0688c66f8fec4fa384ea3
.gitignore,189,0b2e9a128b35d37aad7d0e418a5d16ac5738956138690befd9d28fa1cccb93a7
analysis/__pycache__/analyze_public_measured_mtf_v1.cpython-312.pyc,5918,4534c6b2ac830f47082e47d2d7768dfa3320c9476d64dd793725ba9093f4999b
analysis/__pycache__/audit_mtf_score_parser_v1.cpython-312.pyc,4752,0ec7153043079328f7a0a6e8ade91a657cdb5dd8656d1711f381deeae5ae7f0b
analysis/__pycache__/final_consistency_audit_v1.cpython-312.pyc,11431,e6ac423ce87c6fa6ec39792a45ed5e770f677b8bb34f37103d56a894384c171c
analysis/__pycache__/summarize_mtf_rows.cpython-312.pyc,2142,0bdac4f7344863efe38bd2c4429823ac41192b400bf15db0969fc30630021b15
analysis/__pycache__/write_manifest.cpython-312.pyc,2424,5506899d64baa25ca8254d4fa8921094e339953c982ffb34cfc9816a357b93f6
analysis/analyze_public_measured_mtf_v1.py,3038,24c700f40ce34b88b635a11f8982af1197333da327052cf2077d33e75f345ee5
analysis/audit_mtf_score_parser_v1.py,2750,9cc7011d8f63d1252bb9b49f26a64f2ea3dde3e12e9dcbcf4502b2050ca9850f
analysis/final_consistency_audit_v1.py,6538,fb86a98732fe4c9cca89ac04596661159b381f583cb8d46248ade30beaec6e5d
analysis/README.md,406,7aa5eccc09cb7487c179464cac0cfd1e64cc484affcebdbc124ff684b25c9340
analysis/summarize_mtf_rows.py,1102,c054d89505706c5b40f89a2aad40450cddc163a44b4e44b5577d18cd026b2990
analysis/write_manifest.py,813,c06780f55a3e4b77977e1a802549ed4ad8d3e14c7609c79ad86c2f463db000b2
CITATION.cff,863,a2ab575013971b0440ad0aed48333ec427132f9ba03d8c28b0edee12fe5f05df
data/derived/amplitude05_summary.csv,320,f56848dccc30c4dc7e8a09c835add4a9a183a46754feec73065e2cd31de95ce4
data/derived/amplitude20_summary.csv,318,bba4de7e198e51407366cc853cc830643e2a2fd3b2e88e73307a351973312a90
data/derived/CODEV_claim_evidence_ledger.csv,5520,a490453c2163f2bb4a1fe744428d7f3f661974592f1b69a2f2e64ec1891d5d1c
data/derived/cross_software_summary.csv,225,99556f28d2eeba39e348126342327bf2ccbfedc1d1a23f2c253b5093d7a98a0c
data/derived/frequency30_summary.csv,320,cfc95891183a345c315b7b95668efb3bdf60ceaabaf28e42fbcfe80aa9b1f656
data/derived/frequency40_summary.csv,318,776cc07d44a1eb491cf44242e320404ab825c83676d1365085923c21b2864c4b
data/derived/frequency60_summary.csv,319,ccdfd730d71befa3b2bd0bd4a7be7a256e631dba3dcfdb724dbad71730940f9c
data/derived/frequency70_summary.csv,318,662b77de8f550b2bbdd17e933186d3bfea4d07358e956f8ad734847e66ac7152
data/derived/holdout_montecarlo_summary.csv,147,6afe0e6290bdc55b2ef0ce64fba6e9fe02c86177be76ca7536bdc21bc7331e83
data/derived/holdout_quantile_summary.csv,138,e9b14a1578d0f9fe70f5d72285c1b7ba15583ea1afc25729872aa5f48ae968dd
data/derived/primary_budget_summary.csv,318,bba4de7e198e51407366cc853cc830643e2a2fd3b2e88e73307a351973312a90
data/derived/public_measured_mtf_summary.csv,1088,2ed4e973b46f02244a261d13b3d3e62eec257c5b2838a6d7cc00a7231fef7eb8
data/derived/random_replay_summary.csv,319,9854aae344d0ef0a1697c825ad7ca5e7204126bb93081374c1c9f4eee2ea1f79
figures/decision_heatmap.pdf,16679,e61e928d8bf40284ba7aa24fe5e3931271112c015f32b5e22c3a7b855afc3e86
LICENSE_PENDING.md,431,d1e379215539a25121a5396cee8274a5833d0f6cdcd9bf9ead29538abbc8aea2
protocols/cross_software_sorting_v1.md,1718,b654074c9335eef414bb5c6a715f5b87a30632d56d8854c426989e4fd63ae762
protocols/holdout_montecarlo_v1.md,1696,83e676b43afd3ad2774923e75e8a3366d22ed995ba766eb3651d0e5c2e0bdf2e
protocols/holdout_multivariable_quantile_v1.md,2673,c6afc806e3c0c52b9837d9f91d79e0844ca628e49f19f3db57571cfdedb4cb90
protocols/real_measurement_external_validation_v1.md,2806,d2792347a49225a60bd870d93722f9ec30747fe05b8c60d7d2945803705a40ca
protocols/traditional_vs_nested_budget_v1.md,3145,b3b4825d07a80b6645c1b969c8a7b9e0082a58669a36f4006c201a22cd661f86
README.md,2666,e396eb8a3f90746ace20a1aee5800e62e20fdb6d65d5f38ce67a7cc205a425ef
